cadastral_name,arabic_name,likely_community_name,confidence,category,transaction_count,has_full_data,has_price,has_rent,has_yield,unit_sales,villa_sales,land_sales,unit_share_pct,nearest_landmark,nearest_metro,master_projects_top3,action_needed
Madinat Al Mataar,مدينة المطار,Dubai World Central,high,A,4912,Y,Y,Y,Y,25086,12112,1957,63.9,Expo 2020 Site,UAE Exchange Metro Station,Dubai World Central | Dubai South Residential District | EXPO CITY,Surface as 'Dubai World Central' (alias → Madinat Al Mataar)
Palm Deira,نخلة ديرة,,low,A,2820,N,Y,N,N,8372,0,1214,87.3,Dubai International Airport,Palm Deira Metro Stations,Palm Deira,Partial data exists — needs rent/yield ETL or alias
Al Hebiah Fifth,الحبيه الخامسة,Remraam,high,A,1918,Y,Y,Y,Y,15542,534,13577,52.4,Motor City,,Remraam | DAMAC Lagoons,Surface as 'Remraam' (alias → Al Hebiah Fifth)
Jabal Ali First,جبل علي الأولى,Al Furjan,high,A,1646,Y,Y,Y,Y,47762,7272,7946,75.5,Sports City Swimming Academy,Ibn Battuta Metro Station,Al Furjan | Discovery Gardens | Wasl Gate,Surface as 'Al Furjan' (alias → Jabal Ali First)
Burj Khalifa,برج خليفة,DownTown Dubai,high,A,1525,Y,Y,Y,Y,72002,0,512,99.1,Downtown Dubai,Burj Khalifa Dubai Mall Metro Station,DownTown Dubai | Business Bay | Burj Khalifa,Surface as 'DownTown Dubai' (alias → Burj Khalifa)
Al Khairan First,الخيران الأولى,Dubai Creek Harbour,high,A,1388,Y,Y,Y,Y,29510,0,21,99.9,Dubai International Airport,Creek Metro Station,Dubai Creek Harbour | The Lagoons,Surface as 'Dubai Creek Harbour' (alias → Al Khairan First)
Madinat Hind 4,مدينة هند 4,DAMAC HILLS 2,high,A,1242,Y,Y,Y,Y,3644,0,12649,22.4,,,DAMAC HILLS 2,Surface as 'DAMAC HILLS 2' (alias → Madinat Hind 4)
Al Yelayiss 2,اليلايس 2,TOWN SQUARE,high,A,1011,Y,Y,Y,Y,15856,9800,94,61.6,Dubai Cycling Course,,TOWN SQUARE,Surface as 'TOWN SQUARE' (alias → Al Yelayiss 2)
Al Satwa,السطوه,Jumeirah Garden City,high,A,981,Y,Y,Y,Y,2551,662,1236,53.8,Burj Khalifa,Trade Centre Metro Station,Jumeirah Garden City,Surface as 'Jumeirah Garden City' (alias → Al Satwa)
Hadaeq Sheikh Mohammed Bin Rashid,حدائق الشيخ محمد بن راشد,Dubai Hills Estate,high,A,877,Y,Y,Y,Y,28773,10165,3999,67.0,Burj Al Arab,First Abu Dhabi Bank Metro Station,Dubai Hills Estate | HADAEQ SHEIKH MOHAMMED BIN RASHID - DISRICT 7 | DUBAI HILLS - MAPLE 1,Surface as 'Dubai Hills Estate' (alias → Hadaeq Sheikh Mohammed Bin Rashid)
Madinat Dubai Almelaheyah,مدينة دبي الملاحية,Dubai Maritime City,high,A,799,Y,Y,Y,Y,14431,0,143,98.7,Burj Khalifa,Al Jafiliya Metro Station,Dubai Maritime City | Mina Rashid,Surface as 'Dubai Maritime City' (alias → Madinat Dubai Almelaheyah)
Wadi Al Safa 5,وادي الصفا 5,Dubai Land Residence Complex,high,A,778,Y,Y,Y,Y,34021,22932,4521,55.2,IMG World Adventures,,Dubai Land Residence Complex | Arabian Ranches 3 | The Villa,Surface as 'Dubai Land Residence Complex' (alias → Wadi Al Safa 5)
Al Wasl,الوصل,City Walk,high,A,603,Y,Y,Y,Y,12817,395,572,92.4,Burj Khalifa,Business Bay Metro Station,City Walk | Dubai Water Canal | Al Wasl District,Surface as 'City Walk' (alias → Al Wasl)
Zaabeel Second,زعبيل الثانيه,Business Park,high,A,557,Y,Y,Y,Y,5239,0,22,99.5,Burj Khalifa,Financial Centre,Business Park | Dubai International Financial Center,Surface as 'Business Park' (alias → Zaabeel Second)
Wadi Al Safa 3,وادي الصفا 3,Majan,high,A,500,Y,Y,Y,Y,15811,6574,2710,62.7,IMG World Adventures,First Abu Dhabi Bank Metro Station,Majan | Living Legends | Mohammed Bin Rashid AL Maktoum District 11,Surface as 'Majan' (alias → Wadi Al Safa 3)
Wadi Al Safa 4,وادي الصفا 4,City Of Arabia,high,A,436,Y,Y,Y,Y,4818,332,184,89.9,IMG World Adventures,,City Of Arabia | Global Village | The Villa,Surface as 'City Of Arabia' (alias → Wadi Al Safa 4)
Nad Al Shiba First,ند الشبا الاولى,Meydan Racecourse Community,high,A,373,Y,Y,Y,Y,5899,3373,2947,48.0,Downtown Dubai,Business Bay Metro Station,Meydan Racecourse Community | Nad Al Sheba Gardens | Meydan,Surface as 'Meydan Racecourse Community' (alias → Nad Al Shiba First)
Um Suqaim Third,ام سقيم الثالثه,Umm Suqeim Third,medium,A,327,Y,Y,Y,Y,4479,519,108,86.8,Burj Al Arab,First Abu Dhabi Bank Metro Station,,Surface as 'Umm Suqeim Third' (alias → Um Suqaim Third)
Marsa Dubai,مرسى دبي,Dubai Marina,high,A,320,Y,Y,Y,Y,136464,61,255,99.5,Burj Al Arab,Jumeirah Beach Residency,Dubai Marina | Jumeriah Beach Residence  - JBR | Dubai Harbour,Surface as 'Dubai Marina' (alias → Marsa Dubai)
Me'Aisem First,معيصم الأول,International Media Production Zone,high,A,308,Y,Y,Y,Y,27344,4782,1958,80.0,Sports City Swimming Academy,Damac Properties,International Media Production Zone | Jumeirah Golf Estates | Jumeirah Golf Estates - Phase B,Surface as 'International Media Production Zone' (alias → Me'Aisem First)
Palm Jabal Ali,نخلة جبل علي,,low,A,302,N,Y,N,N,213,0,1686,11.2,Jabel Ali,UAE Exchange Metro Station,Palm Jabal Ali,Partial data exists — needs rent/yield ETL or alias
Wadi Al Safa 7,وادي الصفا 7,Arabian Ranches II,high,A,277,Y,Y,Y,Y,2023,15344,1382,10.8,Dubai Cycling Course,,Arabian Ranches II | 800 Villas | Rukan,Surface as 'Arabian Ranches II' (alias → Wadi Al Safa 7)
Al Hebiah Sixth,الحبيه السادسة,Mudon,high,A,270,Y,Y,Y,Y,366,5557,900,5.4,Dubai Cycling Course,,Mudon,Surface as 'Mudon' (alias → Al Hebiah Sixth)
Al Hebiah Fourth,الحبيه الرابعة,Dubai Sports City,high,A,262,Y,Y,Y,Y,34720,9333,3186,73.2,Sports City Swimming Academy,Nakheel Metro Station,Dubai Sports City | TILAL AL GHAF,Surface as 'Dubai Sports City' (alias → Al Hebiah Fourth)
Al Kifaf,الكفاف,Wasl 1,high,A,172,Y,Y,Y,Y,4517,0,36,99.2,Burj Khalifa,Al Jafiliya Metro Station,Wasl 1,Surface as 'Wasl 1' (alias → Al Kifaf)
Warsan Fourth,ورسان الرابعة,International City Phase 3,high,A,147,Y,Y,Y,Y,5556,0,798,83.9,,Rashidiya Metro Station,International City Phase 3 | International City Phase 2,Surface as 'International City Phase 3' (alias → Warsan Fourth)
Al Hebiah First,الحبيه الاولى,Motor City,high,A,146,Y,Y,Y,Y,22577,1833,189,91.6,Motor City,Sharaf Dg Metro Station,Motor City,Surface as 'Motor City' (alias → Al Hebiah First)
Al Hebiah Third,الحبية الثالثة,DAMAC HILLS,high,A,145,Y,Y,Y,Y,12174,5542,5754,51.8,Motor City,,DAMAC HILLS | Mudon,Surface as 'DAMAC HILLS' (alias → Al Hebiah Third)
Mirdif,مردف,Uptown Mirdif,high,A,130,Y,Y,Y,Y,2378,6358,891,23.8,Dubai International Airport,Rashidiya Metro Station,Uptown Mirdif,Surface as 'Uptown Mirdif' (alias → Mirdif)
Al Merkadh,المركاض,SOBHA HARTLAND,high,A,105,Y,Y,Y,Y,37193,1830,1892,90.7,Downtown Dubai,Burj Khalifa Dubai Mall Metro Station,SOBHA HARTLAND | Meydan One Community | Mohammed Bin Rashid AL Maktoum City -District -1 Community,Surface as 'SOBHA HARTLAND' (alias → Al Merkadh)
Al Thanyah Fifth,الثنيه الخامسة,DMCC Master Community,high,A,99,Y,Y,Y,Y,81987,14657,1101,83.7,Sports City Swimming Academy,Jumeirah Lakes Towers,DMCC Master Community | Jumeirah Park | Jumeirah Islands,Surface as 'DMCC Master Community' (alias → Al Thanyah Fifth)
Jumeirah First,جميرا الاولى,LA MER,high,A,80,Y,Y,Y,Y,3156,1190,1145,55.7,Burj Khalifa,Trade Centre Metro Station,LA MER | Pearl Jumeira,Surface as 'LA MER' (alias → Jumeirah First)
Nad Al Hamar,ند الحمر,Nadd Al Hamar,medium,A,66,Y,Y,Y,Y,145,1644,708,5.2,Dubai International Airport,Rashidiya Metro Station,,Surface as 'Nadd Al Hamar' (alias → Nad Al Hamar)
Muhaisanah First,محيصنه الاولى,Madinat Badr,high,A,61,Y,Y,Y,Y,1040,687,158,52.2,Dubai International Airport,Rashidiya Metro Station,Madinat Badr,Surface as 'Madinat Badr' (alias → Muhaisanah First)
Wadi Al Safa 2,وادي الصفا 2,Liwan1,high,A,53,Y,Y,Y,Y,12153,2617,2336,70.9,IMG World Adventures,,Liwan1 | Falcon City | Liwan2,Surface as 'Liwan1' (alias → Wadi Al Safa 2)
Al Jadaf,الجداف,Dubai Health Care City Phase 2,high,A,51,Y,Y,Y,Y,13194,0,1608,87.3,Dubai International Airport,Al Jadaf Metro Station,Dubai Health Care City Phase 2 | Jaddaf Waterfront | Sama Al Jadaf,Surface as 'Dubai Health Care City Phase 2' (alias → Al Jadaf)
Jumeirah Second,جميرا الثانيه,Dubai Water Canal,high,A,25,Y,Y,Y,Y,402,552,145,35.5,Burj Khalifa,Business Bay Metro Station,Dubai Water Canal,Surface as 'Dubai Water Canal' (alias → Jumeirah Second)
Al Kheeran,الخيران,Festival City,high,A,24,Y,Y,Y,Y,1034,138,31,84.5,Dubai International Airport,Rashidiya Metro Station,Festival City,Surface as 'Festival City' (alias → Al Kheeran)
Jabal Ali Industrial Second,جبل علي الصناعية الثانية,Down Town Jabal Ali,high,A,19,Y,Y,Y,Y,3518,3,102,97.0,Expo 2020 Site,UAE Exchange Metro Station,Down Town Jabal Ali | Jumeirah Golf Estates,Surface as 'Down Town Jabal Ali' (alias → Jabal Ali Industrial Second)
Nadd Hessa,ند حصة,Silicon Oasis,high,A,18,Y,Y,Y,Y,32054,1770,500,92.3,IMG World Adventures,,Silicon Oasis,Surface as 'Silicon Oasis' (alias → Nadd Hessa)
Al Barshaa South Second,البرشاء جنوب الثانية,Dubai Science Park,high,A,14,Y,Y,Y,Y,11717,1932,570,81.2,Motor City,First Abu Dhabi Bank Metro Station,Dubai Science Park | Dubiotech,Surface as 'Dubai Science Park' (alias → Al Barshaa South Second)
Al Barshaa South Third,البرشاء جنوب الثالثة,Arjan,high,A,12,Y,Y,Y,Y,26879,0,597,97.3,Motor City,Sharaf Dg Metro Station,Arjan,Surface as 'Arjan' (alias → Al Barshaa South Third)
Al Goze Fourth,القوز الرابعه,Al Khail Towers,high,A,9,Y,Y,Y,Y,3779,328,82,89.0,Downtown Dubai,Noor Bank Metro Station,Al Khail Towers,Surface as 'Al Khail Towers' (alias → Al Goze Fourth)
Island 2,جزيرة 2,Jumeira Bay,high,A,9,Y,Y,Y,Y,487,231,325,46.6,Burj Khalifa,Business Bay Metro Station,Jumeira Bay,Surface as 'Jumeira Bay' (alias → Island 2)
Al Thanyah Third,الثنيه الثالثة,The Greens,high,A,3,Y,Y,Y,Y,28084,5567,233,82.8,Burj Al Arab,Dubai Internet City,The Greens | Lakes - Maeen | Lakes - Ghadeer,Surface as 'The Greens' (alias → Al Thanyah Third)
Rega Al Buteen,رقه البطين,Riggat Al Buteen,medium,A,3,Y,Y,Y,Y,341,0,60,66.0,Dubai International Airport,Al Rigga Metro Station,,Surface as 'Riggat Al Buteen' (alias → Rega Al Buteen)
Al Safouh First,الصفوح الاولى,Sufouh Gardens,high,A,2,Y,Y,Y,Y,1991,260,84,83.1,Burj Al Arab,Dubai Internet City,Sufouh Gardens | TECOM Site B,Surface as 'Sufouh Gardens' (alias → Al Safouh First)
Al Hebiah Second,الحبيه الثانية,Dubai Studio City,high,A,1,Y,Y,Y,Y,5626,310,88,92.9,Motor City,Dubai Internet City,Dubai Studio City | Arabian Ranches - Polo Homes,Surface as 'Dubai Studio City' (alias → Al Hebiah Second)
Al Nahda First,النهده الاولى,Al Nahda First,medium,A,1,N,N,Y,N,402,0,58,55.7,Dubai International Airport,STADIUM Metro Station,,Partial data exists — needs rent/yield ETL or alias
Al Barsha South Fifth,البرشاء جنوب الخامسة,Jumeirah Village Triangle,high,A,0,Y,Y,Y,Y,16516,6886,407,69.1,Sports City Swimming Academy,Damac Properties,Jumeirah Village Triangle,Surface as 'Jumeirah Village Triangle' (alias → Al Barsha South Fifth)
Al Warsan First,ورسان الاولى,International City Phase 1,high,A,0,Y,Y,Y,Y,55413,2044,443,94.7,Dubai International Airport,Rashidiya Metro Station,International City Phase 1 | WARSAN FIRST DEVELOPMENT,Surface as 'International City Phase 1' (alias → Al Warsan First)
Al Barsha South Fourth,البرشاء جنوب الرابعة,Jumeirah Village Circle,high,A,0,Y,Y,Y,Y,98746,8651,1789,89.9,Sports City Swimming Academy,Dubai Internet City,Jumeirah Village Circle,Surface as 'Jumeirah Village Circle' (alias → Al Barsha South Fourth)
Al Thanayah Fourth,الثنيه الرابعة,Emirates Living,high,A,0,Y,Y,Y,Y,8,30608,1686,0.0,Sports City Swimming Academy,Damac Properties,Emirates Living | Meadows 7 | Emirates Hills,Surface as 'Emirates Living' (alias → Al Thanayah Fourth)
Jabal Ali,جبل على,Jumeirah Golf Estates,high,A,0,N,Y,N,N,1,1,1495,0.1,Expo 2020 Site,Harbour Tower,Jumeirah Golf Estates | Dubai Water Front | Down Town Jabal Ali,Partial data exists — needs rent/yield ETL or alias
Al Safouh Second,الصفوح الثانيه,Site A,high,A,0,Y,Y,Y,Y,1739,16,88,86.6,Burj Al Arab,Dubai Internet City,Site A | TECOM Site A,Surface as 'Site A' (alias → Al Safouh Second)
Um Hurair Second,ام هرير الثانيه,Dubai Health Care City Phase 1,medium,A,0,Y,Y,Y,Y,275,0,56,67.1,Dubai International Airport,Healthcare City Metro Station,Dubai Health Care City Phase 1,Surface as 'Dubai Health Care City Phase 1' (alias → Um Hurair Second)
World Islands,جزر العالم,The World,high,A,0,N,Y,N,N,1066,64,125,84.8,Burj Al Arab,Noor Bank Metro Station,The World,Partial data exists — needs rent/yield ETL or alias
Al Thanyah First,الثنيه الأولى,Barsha Heights,high,A,0,Y,Y,Y,Y,8149,2,105,95.6,Burj Al Arab,Dubai Internet City,Barsha Heights | TECOM Site C,Surface as 'Barsha Heights' (alias → Al Thanyah First)
Hessyan First,حصيان الاولى,Badra,high,A,0,Y,Y,Y,Y,500,165,28,71.0,Dubai Parks and Resorts,UAE Exchange Metro Station,Badra | Dubai Water Front | Veneto,Surface as 'Badra' (alias → Hessyan First)
Al Yelayiss 1,اليلايس 1,Al Yalayis 1,medium,B,3244,N,N,Y,N,0,14474,6504,0.0,Dubai Cycling Course,,,Villa/Land only — no apartment Unit sales (ceiling)
Al Yelayiss 5,اليلايس 5,,low,B,1006,N,N,N,N,0,0,1360,0.0,,,,Villa/Land only — no apartment Unit sales (ceiling)
Me'Aisem Second,معيصم الثانية,,low,B,585,N,N,N,N,0,0,2282,0.0,Sports City Swimming Academy,,,Villa/Land only — no apartment Unit sales (ceiling)
Al Yufrah 1,اليفره 1,The Valley,high,B,495,N,N,Y,N,0,9654,1529,0.0,,,The Valley,Villa/Land only — no apartment Unit sales (ceiling)
Saih Shuaib 1,سيح شعيب 1,JABEL ALI HILLS,high,B,336,N,N,Y,N,0,332,4632,0.0,Dubai Parks and Resorts,,JABEL ALI HILLS,Villa/Land only — no apartment Unit sales (ceiling)
Al Aweer First,العوير الأولى,,low,B,319,N,N,Y,N,0,25,4991,0.0,,,,Villa/Land only — no apartment Unit sales (ceiling)
Al Khawaneej,,,low,B,142,N,N,N,N,0,0,142,0.0,,,,Villa/Land only — no apartment Unit sales (ceiling)
Al Khawaneej Second,الخوانيج الثانية,Al Khwaneej Second,medium,B,84,N,N,Y,N,0,153,1919,0.0,,,,Villa/Land only — no apartment Unit sales (ceiling)
Al Qusais Old,,,low,B,76,N,N,N,N,0,0,76,0.0,,,,Villa/Land only — no apartment Unit sales (ceiling)
Al Mizhar,,,low,B,74,N,N,N,N,0,0,74,0.0,,,,Villa/Land only — no apartment Unit sales (ceiling)
Al Athbah,العذبة,,low,B,60,N,N,Y,N,0,0,1025,0.0,,,,Villa/Land only — no apartment Unit sales (ceiling)
Ghadeer Al Tair,غدير الطير,,low,B,56,N,N,Y,N,0,478,1209,0.0,Downtown Dubai,Noor Bank Metro Station,,Villa/Land only — no apartment Unit sales (ceiling)
Madinat Hind 3,مدينة هند 3,Tijara Town,medium,B,56,N,N,Y,N,0,0,1008,0.0,Hamdan Sports Complex,,Tijara Town,Villa/Land only — no apartment Unit sales (ceiling)
Al Khawaneej First,الخوانيج الأولى,AL KHAWANEEJ DISTRICT,high,B,52,N,N,Y,N,0,1248,1332,0.0,,Etisalat Metro Station,AL KHAWANEEJ DISTRICT,Villa/Land only — no apartment Unit sales (ceiling)
Al-Tawar,,,low,B,51,N,N,N,N,0,0,51,0.0,,,,Villa/Land only — no apartment Unit sales (ceiling)
Al Warqa Third,الورقاء الثالثه,Al Warqa Third,medium,B,50,N,N,Y,N,0,1759,734,0.0,Dubai International Airport,Rashidiya Metro Station,,Villa/Land only — no apartment Unit sales (ceiling)
Nad Al Shiba Third,ند الشبا الثالثه,Nad Al Shiba Villas,high,B,49,N,N,Y,N,0,7,3607,0.0,IMG World Adventures,Creek Metro Station,Nad Al Shiba Villas,Villa/Land only — no apartment Unit sales (ceiling)
Hor Al Anz,هور العنز,Hor Al Anz,medium,B,48,N,N,Y,N,0,1099,217,0.0,Dubai International Airport,Abu Baker Al Siddique Metro Station,,Villa/Land only — no apartment Unit sales (ceiling)
Um Suqaim First,ام سقيم الاولى,Umm Suqeim First,medium,B,41,N,N,Y,N,0,948,175,0.0,Burj Al Arab,Noor Bank Metro Station,,Villa/Land only — no apartment Unit sales (ceiling)
Al Safaa,,,low,B,41,N,N,N,N,0,0,41,0.0,,,,Villa/Land only — no apartment Unit sales (ceiling)
Al Warqa Fourth,الورقاء الرابعه,Al Warqa Fourth,medium,B,37,N,N,Y,N,0,1229,583,0.0,Dubai International Airport,Rashidiya Metro Station,,Villa/Land only — no apartment Unit sales (ceiling)
Jabal Ali Industrial First,جبل على الصناعية الأولى,JABAL ALI INDUSTRIAL DEVELOPMENT,medium,B,32,N,N,Y,N,0,0,832,0.0,Expo 2020 Site,DANUBE Metro Station,JABAL ALI INDUSTRIAL DEVELOPMENT,Villa/Land only — no apartment Unit sales (ceiling)
Al Rashidiya,الراشديه,Al Rashidiya,medium,B,31,N,N,Y,N,0,1640,131,0.0,Dubai International Airport,Rashidiya Metro Station,,Villa/Land only — no apartment Unit sales (ceiling)
Al Bada,البدع,DUBAI HILLS - LAMBOURGHINI,high,B,29,N,N,Y,N,0,929,91,0.0,Burj Khalifa,Trade Centre Metro Station,DUBAI HILLS - LAMBOURGHINI | DUBAI HILLS - PALM HILLS,Villa/Land only — no apartment Unit sales (ceiling)
Al-Safiyyah,,,low,B,29,N,N,N,N,0,0,29,0.0,,,,Villa/Land only — no apartment Unit sales (ceiling)
Al-Murar Jadeed,,,low,B,29,N,N,N,N,0,0,29,0.0,,,,Villa/Land only — no apartment Unit sales (ceiling)
Al Mizhar First,المزهر الاولى,Al Mizhar First,medium,B,28,N,N,Y,N,0,1733,412,0.0,Dubai International Airport,Etisalat Metro Station,,Villa/Land only — no apartment Unit sales (ceiling)
Al Goze First,القوز الاولى,Al Qouz First,medium,B,27,N,N,Y,N,0,696,247,0.0,Downtown Dubai,Business Bay Metro Station,,Villa/Land only — no apartment Unit sales (ceiling)
Al Warsan Third,ورسان الثالثه,Warsan Third,medium,B,27,N,N,Y,N,0,0,258,0.0,,,,Villa/Land only — no apartment Unit sales (ceiling)
Al Barsha Third,البرشاء الثالثه,Al Barsha Third,medium,B,26,N,N,Y,N,0,1891,456,0.0,Burj Al Arab,Dubai Internet City,,Villa/Land only — no apartment Unit sales (ceiling)
Al Barsha Second,البرشاء الثانيه,Al Barsha Second,medium,B,26,N,N,Y,N,0,2013,382,0.0,Burj Al Arab,Sharaf Dg Metro Station,,Villa/Land only — no apartment Unit sales (ceiling)
Al Mizhar Second,المزهر الثانيه,Al Mizhar Second,medium,B,25,N,N,Y,N,0,1123,242,0.0,Dubai International Airport,Etisalat Metro Station,,Villa/Land only — no apartment Unit sales (ceiling)
Wadi Al Amardi,وادي العمردي,,low,B,25,N,N,Y,N,0,95,329,0.0,,Etisalat Metro Station,,Villa/Land only — no apartment Unit sales (ceiling)
Abu Hail,ابو هيل,Abu Hail,medium,B,23,N,N,Y,N,0,1057,220,0.0,Dubai International Airport,Abu Baker Al Siddique Metro Station,,Villa/Land only — no apartment Unit sales (ceiling)
Al Barshaa South First,البرشاء جنوب الاولى,Al Barsha South First,medium,B,22,N,N,Y,N,0,1887,271,0.0,Motor City,First Abu Dhabi Bank Metro Station,,Villa/Land only — no apartment Unit sales (ceiling)
Um Al Sheif,ام الشيف,,low,B,22,N,N,Y,N,0,631,405,0.0,Burj Al Arab,First Abu Dhabi Bank Metro Station,,Villa/Land only — no apartment Unit sales (ceiling)
Al Karama,الكرامه,DUBAI HILLS - PALM HILLS,high,B,21,N,N,Y,N,0,3,51,0.0,Burj Khalifa,ADCB Metro Station,DUBAI HILLS - PALM HILLS,Villa/Land only — no apartment Unit sales (ceiling)
Al Mamzer,الممزر,Al Mamzar,medium,B,20,N,N,Y,N,0,238,379,0.0,Dubai International Airport,STADIUM Metro Station,,Villa/Land only — no apartment Unit sales (ceiling)
Nad Al Shiba Fourth,ند الشبا الرابعه,,low,B,19,N,N,Y,N,0,347,652,0.0,IMG World Adventures,Creek Metro Station,,Villa/Land only — no apartment Unit sales (ceiling)
Al Warqa Second,الورقاء الثانيه,Al Warqa Second,medium,B,18,N,N,Y,N,0,1212,226,0.0,Dubai International Airport,Rashidiya Metro Station,,Villa/Land only — no apartment Unit sales (ceiling)
Muhaisna,,,low,B,17,N,N,N,N,0,0,17,0.0,,,,Villa/Land only — no apartment Unit sales (ceiling)
Al Waheda,الوحيده,Al Wuheida,medium,B,17,N,N,Y,N,0,940,114,0.0,Dubai International Airport,Abu Hail Metro Station,,Villa/Land only — no apartment Unit sales (ceiling)
Naif,نايف,Naif,medium,B,17,N,N,Y,N,0,38,78,0.0,Dubai International Airport,Baniyas Square Metro Station,,Villa/Land only — no apartment Unit sales (ceiling)
Al Ttay,الطي,Al Khawaneej Labour City,medium,B,16,N,N,Y,N,0,0,263,0.0,,,Al Khawaneej Labour City,Villa/Land only — no apartment Unit sales (ceiling)
Al Twar Fourth,الطوار الرابعة,Al Twar Fourth,medium,B,15,N,N,Y,N,0,444,72,0.0,Dubai International Airport,Etisalat Metro Station,,Villa/Land only — no apartment Unit sales (ceiling)
Al Suq Al Kabeer,السوق الكبير,Al Souq Al Kabeer,medium,B,14,N,N,Y,N,0,13,73,0.0,Dubai International Airport,Al Ghubaiba Metro Station,,Villa/Land only — no apartment Unit sales (ceiling)
Al Mizhar Third,المزهر الثالثة,,low,B,14,N,N,Y,N,0,551,199,0.0,Dubai International Airport,Etisalat Metro Station,,Villa/Land only — no apartment Unit sales (ceiling)
Al Nahda Second,النهده الثانيه,Al Nahda Second,medium,B,14,N,N,Y,N,0,0,124,0.0,Dubai International Airport,Al Nahda Metro Station,,Villa/Land only — no apartment Unit sales (ceiling)
Al Twar Second,الطوار الثانيه,Al Twar Second,medium,B,14,N,N,Y,N,0,184,35,0.0,Dubai International Airport,Al Qusais Metro Station,,Villa/Land only — no apartment Unit sales (ceiling)
Al Mizhar Fourth,المزهر الرابعة,,low,B,13,N,N,Y,N,0,878,432,0.0,Dubai International Airport,Etisalat Metro Station,,Villa/Land only — no apartment Unit sales (ceiling)
Al Twar Third,الطوار الثالثه,Al Twar Third,medium,B,12,N,N,Y,N,0,631,96,0.0,Dubai International Airport,Etisalat Metro Station,,Villa/Land only — no apartment Unit sales (ceiling)
Al-Riqqa West,,,low,B,12,N,N,N,N,0,0,12,0.0,,,,Villa/Land only — no apartment Unit sales (ceiling)
Um Suqaim Second,ام سقيم الثانيه,Umm Suqeim Second,medium,B,11,N,N,Y,N,0,965,244,0.0,Burj Al Arab,Noor Bank Metro Station,,Villa/Land only — no apartment Unit sales (ceiling)
Al Warqa First,الورقاء الاولى,Al Warqa First,medium,B,10,N,N,Y,N,0,0,265,0.0,Dubai International Airport,Rashidiya Metro Station,,Villa/Land only — no apartment Unit sales (ceiling)
Nad Al Shiba Second,ند الشبا الثانيه,,low,B,10,N,N,Y,N,0,41,236,0.0,IMG World Adventures,Creek Metro Station,,Villa/Land only — no apartment Unit sales (ceiling)
Al Mararr,المرر,Al Murar,medium,B,9,N,N,Y,N,0,11,23,0.0,Dubai International Airport,Palm Deira Metro Stations,,Villa/Land only — no apartment Unit sales (ceiling)
Al Aweer Second,العوير الثانية,,low,B,9,N,N,Y,N,0,50,166,0.0,,,,Villa/Land only — no apartment Unit sales (ceiling)
Al-Shumaal,,,low,B,9,N,N,N,N,0,0,9,0.0,,,,Villa/Land only — no apartment Unit sales (ceiling)
Sikkat Al Khail North,,,low,B,9,N,N,N,N,0,0,9,0.0,,,,Villa/Land only — no apartment Unit sales (ceiling)
Muhaisanah Third,محيصنه الثالثه,Dubai International Financial Center,high,B,9,N,N,Y,N,0,685,172,0.0,Dubai International Airport,Al Qusais Metro Station,Dubai International Financial Center,Villa/Land only — no apartment Unit sales (ceiling)
Al Khabeesi,الخبيصى,Al Khabaisi,medium,B,8,N,N,Y,N,0,10,63,0.0,Dubai International Airport,Abu Baker Al Siddique Metro Station,,Villa/Land only — no apartment Unit sales (ceiling)
Al-Muhaisnah North,,,low,B,8,N,N,N,N,0,0,8,0.0,,,,Villa/Land only — no apartment Unit sales (ceiling)
Al Muteena,المطينه,Al Muteena,medium,B,8,N,N,Y,N,0,258,132,0.0,Dubai International Airport,Salah Al Din Metro Station,,Villa/Land only — no apartment Unit sales (ceiling)
Al Ras,الراس,Al Ras,medium,B,8,N,N,Y,N,0,0,32,0.0,Dubai International Airport,Al Ras Metro Station,,Villa/Land only — no apartment Unit sales (ceiling)
Mushrif,مشرف,,low,B,8,N,N,Y,N,0,0,250,0.0,Dubai International Airport,Etisalat Metro Station,,Villa/Land only — no apartment Unit sales (ceiling)
Al Jafliya,الجافليه,Al Jafiliya,medium,B,8,N,N,Y,N,0,447,46,0.0,Burj Khalifa,Al Jafiliya Metro Station,,Villa/Land only — no apartment Unit sales (ceiling)
Al Murqabat,المرقبات,Al Muraqqabat,medium,B,8,N,N,Y,N,0,12,168,0.0,Dubai International Airport,Al Rigga Metro Station,,Villa/Land only — no apartment Unit sales (ceiling)
Al Rowaiyah First,الروية الأولى,Dubai International Academic City,medium,B,7,N,N,Y,N,0,0,63,0.0,,,Dubai International Academic City | Dubai Outsource City,Villa/Land only — no apartment Unit sales (ceiling)
Al-Bastakiyah,,,low,B,7,N,N,N,N,0,0,7,0.0,,,,Villa/Land only — no apartment Unit sales (ceiling)
Al-Zarouniyyah,,,low,B,7,N,N,N,N,0,0,7,0.0,,,,Villa/Land only — no apartment Unit sales (ceiling)
Naif North,,,low,B,7,N,N,N,N,0,0,7,0.0,,,,Villa/Land only — no apartment Unit sales (ceiling)
Al Dhagaya,الضغايه,Al Daghaya,medium,B,7,N,N,Y,N,0,8,78,0.0,Dubai International Airport,Palm Deira Metro Stations,,Villa/Land only — no apartment Unit sales (ceiling)
Naif South,,,low,B,7,N,N,N,N,0,0,7,0.0,,,,Villa/Land only — no apartment Unit sales (ceiling)
Al Manara,المناره,Al Manara,medium,B,7,N,N,Y,N,0,870,162,0.0,Burj Al Arab,First Abu Dhabi Bank Metro Station,,Villa/Land only — no apartment Unit sales (ceiling)
Al Raffa,الرفاعه,Al Raffa,medium,B,7,N,N,Y,N,0,50,156,0.0,Burj Khalifa,Al Fahidi Metro Station,,Villa/Land only — no apartment Unit sales (ceiling)
Al Twar Fifth,الطوار الخامسة,,low,B,7,N,N,Y,N,0,138,116,0.0,Dubai International Airport,Airport Free Zone,,Villa/Land only — no apartment Unit sales (ceiling)
Sikkat Al Khail South,,,low,B,6,N,N,N,N,0,0,6,0.0,,,,Villa/Land only — no apartment Unit sales (ceiling)
Muhaisanah Fourth,محيصنه الرابعه,Muhaisanah Fourth,medium,B,6,N,N,Y,N,0,0,52,0.0,Dubai International Airport,Al Qusais Metro Station,,Villa/Land only — no apartment Unit sales (ceiling)
Al Baraha,البراحه,Al Baraha,medium,B,6,N,N,Y,N,0,127,65,0.0,Dubai International Airport,Salah Al Din Metro Station,,Villa/Land only — no apartment Unit sales (ceiling)
Al Hamriya,الحمريه,Al Hamriya,medium,B,6,N,N,Y,N,0,16,51,0.0,Dubai International Airport,Burjuman Metro Station,,Villa/Land only — no apartment Unit sales (ceiling)
Eyal Nasser,عيال ناصر,Ayal Nasir,medium,B,6,N,N,Y,N,0,0,39,0.0,Dubai International Airport,Palm Deira Metro Stations,,Villa/Land only — no apartment Unit sales (ceiling)
Saih Shuaib 4,سيح شعيب 4,Dubai Industrial City,medium,B,6,N,N,N,N,0,0,627,0.0,Al Makhtoum International Airport,,Dubai Industrial City,Villa/Land only — no apartment Unit sales (ceiling)
Jumeirah Third,جميرا الثالثه,Jumeira Third,medium,B,6,N,N,Y,N,0,1029,102,0.0,Burj Khalifa,Noor Bank Metro Station,,Villa/Land only — no apartment Unit sales (ceiling)
Oud Metha,عود ميثا,,low,B,6,N,N,Y,N,0,1,17,0.0,Burj Khalifa,Oud Metha Metro Station,,Villa/Land only — no apartment Unit sales (ceiling)
Mankhool,منخول,Mankhool,medium,B,5,N,N,Y,N,0,219,133,0.0,Burj Khalifa,Al Fahidi Metro Station,,Villa/Land only — no apartment Unit sales (ceiling)
Al Saffa First,الصفا الاولى,Al Safa First,medium,B,5,N,N,Y,N,0,198,28,0.0,Burj Khalifa,Business Bay Metro Station,,Villa/Land only — no apartment Unit sales (ceiling)
Al Warsan Second,ورسان الثانيه,AL WARSAN INDUSTRIAL,medium,B,4,N,N,Y,N,0,0,148,0.0,,Rashidiya Metro Station,AL WARSAN INDUSTRIAL,Villa/Land only — no apartment Unit sales (ceiling)
Hor Al Anz East,هور العنز شرق,Hor Al Anz East,medium,B,4,N,N,Y,N,0,169,120,0.0,Dubai International Airport,Al Qiyadah Metro Station,,Villa/Land only — no apartment Unit sales (ceiling)
Madinat Latifa,مدينة لطيفة,,low,B,4,N,N,N,N,0,0,28,0.0,Dubai Cycling Course,,,Villa/Land only — no apartment Unit sales (ceiling)
Al Buteen,البطين,Al Buteen,medium,B,4,N,N,Y,N,0,0,20,0.0,Dubai International Airport,Baniyas Square Metro Station,,Villa/Land only — no apartment Unit sales (ceiling)
Nad Shamma,ند شما,Nadd Shamma,medium,B,4,N,N,Y,N,0,105,29,0.0,Dubai International Airport,Rashidiya Metro Station,,Villa/Land only — no apartment Unit sales (ceiling)
Um Ramool,ام رمول,Umm Ramool,medium,B,4,N,N,Y,N,0,1,11,0.0,Dubai International Airport,Emirates Metro Station,,Villa/Land only — no apartment Unit sales (ceiling)
Al Goze Third,القوز الثالثه,Al Qouz Third,medium,B,3,N,N,Y,N,0,0,21,0.0,Downtown Dubai,Noor Bank Metro Station,,Villa/Land only — no apartment Unit sales (ceiling)
Muashrah Al Bahraana,,,low,B,3,N,N,N,N,0,0,3,0.0,,,,Villa/Land only — no apartment Unit sales (ceiling)
Ras Al Khor Industrial Third,راس الخور الصناعيه الثالثه,,low,B,3,N,N,Y,N,0,0,32,0.0,Dubai International Airport,Creek Metro Station,,Villa/Land only — no apartment Unit sales (ceiling)
Al Twar First,الطوار الاولى,Al Twar First,medium,B,3,N,N,Y,N,0,339,15,0.0,Dubai International Airport,Airport Free Zone,,Villa/Land only — no apartment Unit sales (ceiling)
Saih Shuaib 3,سيح شعيب 3,Dubai Industrial City,medium,B,3,N,N,N,N,0,0,200,0.0,Al Makhtoum International Airport,,Dubai Industrial City,Villa/Land only — no apartment Unit sales (ceiling)
Al Lusaily,اللسيلى,,low,B,3,N,N,Y,N,0,19,41,0.0,,,,Villa/Land only — no apartment Unit sales (ceiling)
Saih Aldahal,سيح الدحل,,low,B,3,N,N,N,N,0,0,24,0.0,,,,Villa/Land only — no apartment Unit sales (ceiling)
Al Saffa Second,الصفا الثانيه,Al Safa Second,medium,B,3,N,N,Y,N,0,594,67,0.0,Burj Al Arab,Noor Bank Metro Station,,Villa/Land only — no apartment Unit sales (ceiling)
Al Rowaiyah Third,الرويه الثالثه,,low,B,2,N,N,Y,N,0,1,2,0.0,IMG World Adventures,,,Villa/Land only — no apartment Unit sales (ceiling)
Al-Musalla (Deira),,,low,B,2,N,N,N,N,0,0,2,0.0,,,,Villa/Land only — no apartment Unit sales (ceiling)
Al Garhoud,القرهود,Al Garhoud,medium,B,2,N,N,Y,N,0,262,48,0.0,Dubai International Airport,GGICO Metro Station,,Villa/Land only — no apartment Unit sales (ceiling)
Al Goze Industrial Fourth,القوز الصناعيه الرابعه,,low,B,2,N,N,N,N,0,0,2,0.0,Burj Al Arab,First Abu Dhabi Bank Metro Station,,Villa/Land only — no apartment Unit sales (ceiling)
Al Qusais,القصيص,,low,B,2,N,N,Y,N,0,0,64,0.0,Dubai International Airport,Airport Free Zone,,Villa/Land only — no apartment Unit sales (ceiling)
Ras Al Khor Industrial Second,راس الخور الصناعيه الثانيه,,low,B,2,N,N,Y,N,0,0,57,0.0,Downtown Dubai,Creek Metro Station,,Villa/Land only — no apartment Unit sales (ceiling)
Al Fahidi,,,low,B,1,N,N,N,N,0,0,1,0.0,,,,Villa/Land only — no apartment Unit sales (ceiling)
Al Maha,المها,,low,B,1,N,N,Y,N,0,0,1,0.0,,,,Villa/Land only — no apartment Unit sales (ceiling)
Al Qusais Industrial First,القصيص الصناعيه الاولى,,low,B,1,N,N,Y,N,0,0,9,0.0,Dubai International Airport,Airport Free Zone,,Villa/Land only — no apartment Unit sales (ceiling)
Al-Nahdah,,,low,B,1,N,N,N,N,0,0,1,0.0,,,,Villa/Land only — no apartment Unit sales (ceiling)
Al-Qiyadah,,,low,B,1,N,N,N,N,0,0,1,0.0,,,,Villa/Land only — no apartment Unit sales (ceiling)
Lehbab Second,لهباب الثانية,,low,B,1,N,N,Y,N,0,7,11,0.0,,,,Villa/Land only — no apartment Unit sales (ceiling)
Margham,مرغم,,low,B,1,N,N,Y,N,0,0,46,0.0,,,,Villa/Land only — no apartment Unit sales (ceiling)
Al Goze Industrial Second,القوز الصناعيه الثانيه,,low,B,1,N,N,Y,N,0,0,14,0.0,Downtown Dubai,Noor Bank Metro Station,,Villa/Land only — no apartment Unit sales (ceiling)
Al Goze Industrial First,القوز الصناعيه الاولى,,low,B,1,N,N,Y,N,0,0,4,0.0,Burj Al Arab,Noor Bank Metro Station,,Villa/Land only — no apartment Unit sales (ceiling)
Al Rega,الرقه,Al Rigga,medium,B,1,N,N,Y,N,0,0,5,0.0,Dubai International Airport,Union Metro Station,,Villa/Land only — no apartment Unit sales (ceiling)
Um Hurair First,ام هرير الاولى,,low,B,1,N,N,Y,N,0,2,5,0.0,Dubai International Airport,Burjuman Metro Station,,Villa/Land only — no apartment Unit sales (ceiling)
Al Sabkha,السبخه,Al Sabkha,medium,B,1,N,N,Y,N,0,0,9,0.0,Dubai International Airport,Baniyas Square Metro Station,,Villa/Land only — no apartment Unit sales (ceiling)
Grayteesah,قريطيسه,,low,B,1,N,N,Y,N,0,0,11,0.0,,,,Villa/Land only — no apartment Unit sales (ceiling)
Al Eyas,العياص,,low,B,1,N,N,Y,N,0,14,8,0.0,,,,Villa/Land only — no apartment Unit sales (ceiling)
Al Barsha,البرشاء,,low,B,0,N,N,N,N,0,0,123,0.0,,,,Villa/Land only — no apartment Unit sales (ceiling)
Bur Dubai,بر دبى,,low,B,0,N,N,N,N,0,0,4,0.0,,,,Villa/Land only — no apartment Unit sales (ceiling)
Al-Murar Qadeem,المرر القديم,,low,B,0,N,N,N,N,0,0,59,0.0,,,,Villa/Land only — no apartment Unit sales (ceiling)
Al Musalla (Dubai),المصلى - دبي,,low,B,0,N,N,N,N,0,0,45,0.0,,,,Villa/Land only — no apartment Unit sales (ceiling)
Al Qusais Industrial Third,القصيص الصناعيه الثالثه,,low,B,0,N,N,Y,N,0,0,25,0.0,Dubai International Airport,Airport Free Zone,,Villa/Land only — no apartment Unit sales (ceiling)
Al Rowaiyah Second,الروية الثانية,,low,B,0,N,N,N,N,0,0,1,0.0,,,,Villa/Land only — no apartment Unit sales (ceiling)
Al Ruwayyah,الرويه,The Villa,medium,B,0,N,N,N,N,0,0,2108,0.0,IMG World Adventures,,The Villa | Residential Complex | Dubai International Academic City,Villa/Land only — no apartment Unit sales (ceiling)
Al Yufrah 2,,DAMAC HILLS 2,high,B,0,N,N,N,N,0,2436,3408,0.0,Dubai Cycling Course,,DAMAC HILLS 2,Villa/Land only — no apartment Unit sales (ceiling)
Al-Aweer,العوير,,low,B,0,N,N,N,N,0,0,36,0.0,,,,Villa/Land only — no apartment Unit sales (ceiling)
Al Yufrah 3,,DAMAC HILLS 2,high,B,0,N,N,N,N,0,1123,2428,0.0,Dubai Cycling Course,,DAMAC HILLS 2,Villa/Land only — no apartment Unit sales (ceiling)
Al-Nakhal,النخل,,low,B,0,N,N,N,N,0,0,18,0.0,,,,Villa/Land only — no apartment Unit sales (ceiling)
Hatta,حتا,Hatta,medium,B,0,N,N,Y,N,0,1,2,0.0,,,,Villa/Land only — no apartment Unit sales (ceiling)
Lehbab,لهباب,,low,B,0,N,N,N,N,0,0,64,0.0,,,,Villa/Land only — no apartment Unit sales (ceiling)
Lehbab First,لهباب الاولى,,low,B,0,N,N,Y,N,0,4,24,0.0,,,,Villa/Land only — no apartment Unit sales (ceiling)
Dubai International Airport,مطار دبي الدولي,,low,B,0,N,N,N,N,0,0,1,0.0,Dubai International Airport,GGICO Metro Station,,Villa/Land only — no apartment Unit sales (ceiling)
Cornich Deira,كورنيش ديره,,low,B,0,N,N,N,N,0,0,1,0.0,,,,Villa/Land only — no apartment Unit sales (ceiling)
Madinat Hind 1,مدينة هند 1,,low,B,0,N,N,N,N,0,0,17,0.0,IMG World Adventures,,,Villa/Land only — no apartment Unit sales (ceiling)
Madinat Hind 2,مدينة هند 2,,low,B,0,N,N,N,N,0,0,2,0.0,Hamdan Sports Complex,,,Villa/Land only — no apartment Unit sales (ceiling)
Muhaisanah Second,محيصنه الثانيه,Muhaisanah Second,medium,B,0,N,N,Y,N,0,0,9,0.0,Dubai International Airport,Etisalat Metro Station,,Villa/Land only — no apartment Unit sales (ceiling)
Shandagha West,الشندغه غرب,,low,B,0,N,N,N,N,0,0,1,0.0,Burj Khalifa,Al Ghubaiba Metro Station,,Villa/Land only — no apartment Unit sales (ceiling)
Al Hudaiba,الحضيبه,Al Hudaiba,medium,B,0,N,N,Y,N,0,55,24,0.0,Burj Khalifa,Al Jafiliya Metro Station,,Villa/Land only — no apartment Unit sales (ceiling)
Al Faga'A,الفقع,,low,B,0,N,N,N,N,0,0,1,0.0,,,,Villa/Land only — no apartment Unit sales (ceiling)
Mena Jabal Ali,ميناء جبل علي,,low,B,0,N,N,N,N,0,0,55,0.0,Jabel Ali,UAE Exchange Metro Station,,Villa/Land only — no apartment Unit sales (ceiling)
Zareeba Duviya,زريبه دوييه,,low,B,0,N,N,N,N,0,0,27,0.0,,,,Villa/Land only — no apartment Unit sales (ceiling)
Shandagha East,الشندغه شرق,,low,B,0,N,N,N,N,0,0,1,0.0,,,,Villa/Land only — no apartment Unit sales (ceiling)
Muragab,مرقب,,low,B,0,N,N,N,N,0,0,4,0.0,,,,Villa/Land only — no apartment Unit sales (ceiling)
Tawaa Al Sayegh,طوى الصايغ,,low,B,0,N,N,N,N,0,0,36,0.0,,,,Villa/Land only — no apartment Unit sales (ceiling)
Umm Addamin,أم الدمن,,low,B,0,N,N,N,N,0,0,4,0.0,,,,Villa/Land only — no apartment Unit sales (ceiling)
Tawi Al Muraqqab,طوى مرقب,,low,B,0,N,N,N,N,0,0,27,0.0,,,,Villa/Land only — no apartment Unit sales (ceiling)
Um Suqaim,ام سقيم,,low,B,0,N,N,N,N,0,0,551,0.0,,,,Villa/Land only — no apartment Unit sales (ceiling)
Al-Raulah,الروله,DUBAI HILLS - PALM HILLS,medium,B,0,N,N,N,N,0,0,17,0.0,,,DUBAI HILLS - PALM HILLS,Villa/Land only — no apartment Unit sales (ceiling)
Al Asbaq,العسبق,,low,B,0,N,N,N,N,0,0,17,0.0,,,,Villa/Land only — no apartment Unit sales (ceiling)
Al-Dzahiyyah Al-Jadeedah,الضاحيه الجديده,,low,B,0,N,N,N,N,0,0,1,0.0,,,,Villa/Land only — no apartment Unit sales (ceiling)
Al-Mustashfa West,المستشفى غرب,,low,B,0,N,N,N,N,0,0,2,0.0,,,,Villa/Land only — no apartment Unit sales (ceiling)
Al-Baloosh,البلوش,,low,B,0,N,N,N,N,0,0,1,0.0,,,,Villa/Land only — no apartment Unit sales (ceiling)
Al Baharna,البحارنه,,low,B,0,N,N,N,N,0,0,5,0.0,,,,Villa/Land only — no apartment Unit sales (ceiling)
Al-Souq Al Kabeer (Deira),السوق الكبير - ديرة,,low,B,0,N,N,N,N,0,0,12,0.0,,,,Villa/Land only — no apartment Unit sales (ceiling)
Burj Nahar,برج نهار,,low,B,0,N,N,N,N,0,0,35,0.0,,,,Villa/Land only — no apartment Unit sales (ceiling)
Festival City First,مدينة المهرجان الأولى,Festival City,medium,B,0,N,N,N,N,0,0,1,0.0,,,Festival City,Villa/Land only — no apartment Unit sales (ceiling)
Mugatrah,مقطرة,,low,B,0,N,N,N,N,0,0,2,0.0,Al Makhtoum International Airport,,,Villa/Land only — no apartment Unit sales (ceiling)
Nad Rashid,ند راشد,,low,B,0,N,N,N,N,0,0,66,0.0,,,,Villa/Land only — no apartment Unit sales (ceiling)
Ras Al Khor,راس الخور,The Lagoons,medium,B,0,N,N,N,N,0,0,93,0.0,,,The Lagoons,Villa/Land only — no apartment Unit sales (ceiling)
Yaraah,يراح,,low,B,0,N,N,N,N,0,0,1,0.0,,,,Villa/Land only — no apartment Unit sales (ceiling)
Al Qusais Industrial Second,القصيص الصناعيه الثانيه,,low,B,0,N,N,Y,N,0,0,5,0.0,Dubai International Airport,Airport Free Zone,,Villa/Land only — no apartment Unit sales (ceiling)
Al Yufrah 4,اليفره 4,,low,B,0,N,N,N,N,0,0,2,0.0,,,,Villa/Land only — no apartment Unit sales (ceiling)
Ghadeer Barashy,غدير براشي,,low,B,0,N,N,N,N,0,0,1,0.0,,,,Villa/Land only — no apartment Unit sales (ceiling)
Jabal Ali Industrial Third,جبل علي الصناعية الثالثة,Down Town Jabal Ali,medium,B,0,N,N,N,N,0,0,38,0.0,Dubai Parks and Resorts,UAE Exchange Metro Station,Down Town Jabal Ali,Villa/Land only — no apartment Unit sales (ceiling)
Jabal Ali Third,جبل علي الثالثة,,low,B,0,N,N,N,N,0,0,3,0.0,,,,Villa/Land only — no apartment Unit sales (ceiling)
Jumeirah,جميرا,,low,B,0,N,N,N,N,0,0,143,0.0,,,,Villa/Land only — no apartment Unit sales (ceiling)
Nazwah,نزوه,,low,B,0,N,N,N,N,0,0,7,0.0,,,,Villa/Land only — no apartment Unit sales (ceiling)
Wadi Al Safa 6,وادي الصفا 6,Arabian Ranches - 1,high,B,0,N,N,Y,N,0,20915,73,0.0,Motor City,Sharaf Dg Metro Station,Arabian Ranches - 1 | The Villa,Villa/Land only — no apartment Unit sales (ceiling)
Al Qoaz,القوز,,low,B,0,N,N,Y,N,0,0,52,0.0,,,,Villa/Land only — no apartment Unit sales (ceiling)
Al Yelayiss 3,اليلايس 3,,low,B,0,N,N,N,N,0,0,1,0.0,Dubai Cycling Course,,,Villa/Land only — no apartment Unit sales (ceiling)
Al Yelayiss 4,اليلايس 4,,low,B,0,N,N,N,N,0,2,4,0.0,Dubai Cycling Course,,,Villa/Land only — no apartment Unit sales (ceiling)
Al-Cornich,الكورنيش,Al Corniche,medium,B,0,N,N,Y,N,0,0,1,0.0,Dubai International Airport,Palm Deira Metro Stations,,Villa/Land only — no apartment Unit sales (ceiling)
Nad Al Shiba,ند الشبا,Silicon Oasis,high,B,0,N,N,N,N,0,12,1208,0.0,IMG World Adventures,Rashidiya Metro Station,Silicon Oasis | Falcon City | Majan,Villa/Land only — no apartment Unit sales (ceiling)
Al-Riqqa East,الرقه شرق,,low,B,0,N,N,N,N,0,0,26,0.0,,,,Villa/Land only — no apartment Unit sales (ceiling)
Al Marmoom,المرموم,,low,C,1,N,N,Y,N,0,0,0,0.0,,,,Sparse / new / remote — low priority
Al Khairan Second,,,low,C,0,N,N,N,N,0,0,0,0,,,,Sparse / new / remote — low priority
Al Layan 2,الليان 2,,low,C,0,N,N,N,N,0,0,0,0,,,,Sparse / new / remote — low priority
Al Warqa Fifth,الورقاء الخامسة,,low,C,0,N,N,N,N,0,0,0,0,,,,Sparse / new / remote — low priority
Mereiyeel,مرييل,,low,C,0,N,N,N,N,0,0,0,0,,,,Sparse / new / remote — low priority
Muhaisanah Fifth,محيصنة الخامسة,,low,C,0,N,N,N,N,0,0,0,0,,,,Sparse / new / remote — low priority
Al Hamriya Port,ميناء الحمريه,Al Hamriya Port,medium,C,0,N,N,N,N,0,0,0,0,,,,Sparse / new / remote — low priority
Al Goze Industrial Third,القوز الصناعيه الثالثه,,low,C,0,N,N,Y,N,0,0,0,0.0,Burj Al Arab,First Abu Dhabi Bank Metro Station,,Identifiable but thin apartment data
Al Zaroob,الزروب,,low,C,0,N,N,N,N,0,0,0,0,,,,Sparse / new / remote — low priority
Al Layan 1,,,low,C,0,N,N,N,N,0,0,0,0,,,,Sparse / new / remote — low priority
Um Esalay,ام السلي,,low,C,0,N,N,N,N,0,0,0,0.0,,,,Sparse / new / remote — low priority
Riqat Masali,رقعه مسالى,,low,C,0,N,N,N,N,0,0,0,0,,,,Sparse / new / remote — low priority
Hafair,حفير,,low,C,0,N,N,N,N,0,0,0,0,,,,Sparse / new / remote — low priority
Universe Islands,جزر الكون,,low,C,0,N,N,N,N,0,0,0,0,,,,Sparse / new / remote — low priority
Anakhali,نخلي,,low,C,0,N,N,N,N,0,0,0,0,,,,Sparse / new / remote — low priority
Tawi Alfuqa,طوى الفقع,,low,C,0,N,N,N,N,0,0,0,0,,,,Sparse / new / remote — low priority
Al Baagh,الباغ,,low,C,0,N,N,N,N,0,0,0,0,,,,Sparse / new / remote — low priority
Al Hathmah,الحثمة,,low,C,0,N,N,N,N,0,0,0,0,,,,Sparse / new / remote — low priority
Al Meryal,المريال,,low,C,0,N,N,N,N,0,0,0,0,,,,Sparse / new / remote — low priority
Al Wohoosh,الوحوش,,low,C,0,N,N,N,N,0,0,0,0,,,,Sparse / new / remote — low priority
Souq Sikkat Al Khail,سوق سكه الخيل,,low,C,0,N,N,N,N,0,0,0,0,,,,Sparse / new / remote — low priority
Remah,رماح,,low,C,0,N,N,N,N,0,0,0,0.0,,,,Sparse / new / remote — low priority
Jumeira Island 2,جزيرة جميرا الثانية,,low,C,0,N,N,N,N,0,0,0,0,,,,Sparse / new / remote — low priority
Saih Shuaelah,سيح شعيله,,low,C,0,N,N,N,N,0,0,0,0,,,,Sparse / new / remote — low priority
Al Oshoosh,العشوش,,low,C,0,N,N,N,N,0,0,0,0,,,,Sparse / new / remote — low priority
Shandagha,الشندغه,Al Shindagha,medium,C,0,N,N,N,N,0,0,0,0,,,,Sparse / new / remote — low priority
Al Thanyah Second,الثنيه الثانية,,low,C,0,N,N,N,N,0,0,0,0,,,,Sparse / new / remote — low priority
Hessyan Second,حصيان الثانية,Dubai Water Front,medium,C,0,N,Y,N,N,3,0,59,4.8,Jabel Ali,,Dubai Water Front,Sparse / new / remote — low priority
Jabal Ali Second,جبل علي الثانية,,low,C,0,N,N,N,N,0,0,0,0,,,,Sparse / new / remote — low priority
Le Hemaira,الحميرا,,low,C,0,N,N,N,N,0,0,0,0.0,,,,Sparse / new / remote — low priority
Oud Al Muteena,عود المطينة,Oud Al Muteena First,medium,C,0,N,N,N,N,0,0,0,0,,,,Sparse / new / remote — low priority
Al Wajehah Al Bhariyah,الواجهة البحرية,,low,C,0,N,N,N,N,0,0,0,0,,,,Sparse / new / remote — low priority
Saih Alsalam,سيح السلم,,low,C,0,N,N,N,N,0,0,0,0,,,,Sparse / new / remote — low priority
Um Almoameneen,ام المؤمنين,,low,C,0,N,N,N,N,0,0,0,0,,,,Sparse / new / remote — low priority
Business Bay,الخليج التجارى,Business Bay,medium,COVERED,4506,Y,Y,Y,Y,114524,0,495,99.4,Downtown Dubai,Business Bay Metro Station,Business Bay,Covered + correctly named
Dubai Investment Park Second,مجمع دبي للاستثمار الثاني,Dubai Investment Park Second,medium,COVERED,1105,Y,Y,Y,Y,7036,3297,2066,48.3,Expo 2020 Site,DANUBE Metro Station,Dubai Investment Park Second,Covered + correctly named
Dubai Investment Park First,مجمع دبي للاستثمار الاول,Dubai Investment Park First,medium,COVERED,1024,Y,Y,Y,Y,4817,4768,505,41.7,Expo 2020 Site,DANUBE Metro Station,Dubai Investment Park First,Covered + correctly named
Palm Jumeirah,نخلة جميرا,Palm Jumeirah,medium,COVERED,918,Y,Y,Y,Y,36217,5869,1873,82.2,Burj Al Arab,Palm Jumeirah,Palm Jumeirah,Covered + correctly named
Bukadra,بوكدرة,,low,COVERED,655,Y,Y,Y,Y,9813,0,311,96.9,Downtown Dubai,Creek Metro Station,,Covered + correctly named
Trade Center Second,المركز التجارى الثانيه,Trade Center Second,medium,COVERED,138,Y,Y,Y,Y,2092,0,16,94.9,Burj Khalifa,Financial Centre,,Covered + correctly named
Ras Al Khor Industrial First,راس الخور الصناعيه الاولى,Ras Al Khor Industrial First,medium,COVERED,124,Y,Y,Y,Y,3589,0,95,93.9,Downtown Dubai,Creek Metro Station,,Covered + correctly named
Trade Center First,المركز التجارى الاولى,Trade Center First,medium,COVERED,104,Y,Y,Y,Y,890,0,53,75.9,Burj Khalifa,Trade Centre Metro Station,,Covered + correctly named
Al Barsha First,البرشاء الاولى,Al Barsha First,medium,COVERED,72,Y,Y,Y,Y,543,188,440,24.4,Burj Al Arab,Sharaf Dg Metro Station,,Covered + correctly named
Zaabeel First,زعبيل الاولى,Zaabeel First,medium,COVERED,63,Y,Y,Y,Y,2425,2,5,99.7,Burj Khalifa,Al Jafiliya Metro Station,,Covered + correctly named
Saih Shuaib 2,سيح شعيب 2,,low,COVERED,17,Y,Y,Y,Y,1815,506,729,57.3,Al Makhtoum International Airport,UAE Exchange Metro Station,,Covered + correctly named
Port Saeed,بور سعيد,Port Saeed,medium,COVERED,11,Y,Y,Y,Y,898,22,85,62.9,Dubai International Airport,Deira City Centre,,Covered + correctly named
Al Qusais Industrial Fourth,القصيص الصناعيه الرابعه,,low,COVERED,5,Y,Y,Y,Y,195,0,81,60.4,Dubai International Airport,Al Qusais Metro Station,,Covered + correctly named
Al Qusais Industrial Fifth,القصيص الصناعيه الخامسه,,low,COVERED,2,Y,Y,Y,Y,237,0,108,60.6,Dubai International Airport,Al Qusais Metro Station,,Covered + correctly named
